hid,headline,article
1,Researchers develop biodegradable battery technology for next-generation electric vehicles,"Researchers develop biodegradable battery technology for next-generation electric vehicles. Analysts and industry observers say the development reflects a broader shift in how governments, businesses, and communities are responding to rapidly changing economic, technological, and social conditions around the world. Experts believe the trend could influence investment decisions, regulatory planning, consumer behavior, and long-term innovation strategies across multiple sectors. Organizations involved in the initiative reported that recent advances in automation, data analysis, sustainability planning, and international collaboration have accelerated progress significantly over the past year. Industry leaders also noted that public expectations for transparency, resilience, and measurable outcomes continue to rise as global competition intensifies. Researchers, policymakers, and business executives are now evaluating how these developments may reshape future market dynamics and operational models. Supporters argue that the initiative could create new opportunities for employment, infrastructure growth, and technological advancement, while critics caution that implementation challenges, funding pressures, and regulatory uncertainty could slow adoption in some regions. Despite these concerns, early responses from stakeholders have remained largely positive, with several organizations announcing additional partnerships, pilot programs, and expansion plans aimed at strengthening long-term sustainability and operational efficiency."
2,Social media platforms implement stricter moderation policies addressing misinformation spreading rapidly during global crises.,"Social media platforms implement stricter moderation policies addressing misinformation spreading rapidly during global crises. Analysts and industry observers say the development reflects a broader shift in how governments, businesses, and communities are responding to rapidly changing economic, technological, and social conditions around the world. Experts believe the trend could influence investment decisions, regulatory planning, consumer behavior, and long-term innovation strategies across multiple sectors. Organizations involved in the initiative reported that recent advances in automation, data analysis, sustainability planning, and international collaboration have accelerated progress significantly over the past year. Industry leaders also noted that public expectations for transparency, resilience, and measurable outcomes continue to rise as global competition intensifies. Researchers, policymakers, and business executives are now evaluating how these developments may reshape future market dynamics and operational models. Supporters argue that the initiative could create new opportunities for employment, infrastructure growth, and technological advancement, while critics caution that implementation challenges, funding pressures, and regulatory uncertainty could slow adoption in some regions. Despite these concerns, early responses from stakeholders have remained largely positive, with several organizations announcing additional partnerships, pilot programs, and expansion plans aimed at strengthening long-term sustainability and operational efficiency."
3,Stock markets rebound strongly after central bank announces revised inflation control and liquidity measures.,"Stock markets rebound strongly after central bank announces revised inflation control and liquidity measures. Analysts and industry observers say the development reflects a broader shift in how governments, businesses, and communities are responding to rapidly changing economic, technological, and social conditions around the world. Experts believe the trend could influence investment decisions, regulatory planning, consumer behavior, and long-term innovation strategies across multiple sectors. Organizations involved in the initiative reported that recent advances in automation, data analysis, sustainability planning, and international collaboration have accelerated progress significantly over the past year. Industry leaders also noted that public expectations for transparency, resilience, and measurable outcomes continue to rise as global competition intensifies. Researchers, policymakers, and business executives are now evaluating how these developments may reshape future market dynamics and operational models. Supporters argue that the initiative could create new opportunities for employment, infrastructure growth, and technological advancement, while critics caution that implementation challenges, funding pressures, and regulatory uncertainty could slow adoption in some regions. Despite these concerns, early responses from stakeholders have remained largely positive, with several organizations announcing additional partnerships, pilot programs, and expansion plans aimed at strengthening long-term sustainability and operational efficiency."
4,Venture capital firms increase investments in climate technology startups,"Venture capital firms increase investments in climate technology startups. Analysts and industry observers say the development reflects a broader shift in how governments, businesses, and communities are responding to rapidly changing economic, technological, and social conditions around the world. Experts believe the trend could influence investment decisions, regulatory planning, consumer behavior, and long-term innovation strategies across multiple sectors. Organizations involved in the initiative reported that recent advances in automation, data analysis, sustainability planning, and international collaboration have accelerated progress significantly over the past year. Industry leaders also noted that public expectations for transparency, resilience, and measurable outcomes continue to rise as global competition intensifies. Researchers, policymakers, and business executives are now evaluating how these developments may reshape future market dynamics and operational models. Supporters argue that the initiative could create new opportunities for employment, infrastructure growth, and technological advancement, while critics caution that implementation challenges, funding pressures, and regulatory uncertainty could slow adoption in some regions. Despite these concerns, early responses from stakeholders have remained largely positive, with several organizations announcing additional partnerships, pilot programs, and expansion plans aimed at strengthening long-term sustainability and operational efficiency."
5,Consumer spending shifts toward subscription-based digital retail services,"Consumer spending shifts toward subscription-based digital retail services. Analysts and industry observers say the development reflects a broader shift in how governments, businesses, and communities are responding to rapidly changing economic, technological, and social conditions around the world. Experts believe the trend could influence investment decisions, regulatory planning, consumer behavior, and long-term innovation strategies across multiple sectors. Organizations involved in the initiative reported that recent advances in automation, data analysis, sustainability planning, and international collaboration have accelerated progress significantly over the past year. Industry leaders also noted that public expectations for transparency, resilience, and measurable outcomes continue to rise as global competition intensifies. Researchers, policymakers, and business executives are now evaluating how these developments may reshape future market dynamics and operational models. Supporters argue that the initiative could create new opportunities for employment, infrastructure growth, and technological advancement, while critics caution that implementation challenges, funding pressures, and regulatory uncertainty could slow adoption in some regions. Despite these concerns, early responses from stakeholders have remained largely positive, with several organizations announcing additional partnerships, pilot programs, and expansion plans aimed at strengthening long-term sustainability and operational efficiency."
6,Ecommerce retailers introduce automated logistics systems reducing delivery times during high-demand shopping periods nationwide.,"Ecommerce retailers introduce automated logistics systems reducing delivery times during high-demand shopping periods nationwide. Analysts and industry observers say the development reflects a broader shift in how governments, businesses, and communities are responding to rapidly changing economic, technological, and social conditions around the world. Experts believe the trend could influence investment decisions, regulatory planning, consumer behavior, and long-term innovation strategies across multiple sectors. Organizations involved in the initiative reported that recent advances in automation, data analysis, sustainability planning, and international collaboration have accelerated progress significantly over the past year. Industry leaders also noted that public expectations for transparency, resilience, and measurable outcomes continue to rise as global competition intensifies. Researchers, policymakers, and business executives are now evaluating how these developments may reshape future market dynamics and operational models. Supporters argue that the initiative could create new opportunities for employment, infrastructure growth, and technological advancement, while critics caution that implementation challenges, funding pressures, and regulatory uncertainty could slow adoption in some regions. Despite these concerns, early responses from stakeholders have remained largely positive, with several organizations announcing additional partnerships, pilot programs, and expansion plans aimed at strengthening long-term sustainability and operational efficiency."
7,Scientists unveil autonomous underwater robot for deep-sea environmental monitoring,"Scientists unveil autonomous underwater robot for deep-sea environmental monitoring. Analysts and industry observers say the development reflects a broader shift in how governments, businesses, and communities are responding to rapidly changing economic, technological, and social conditions around the world. Experts believe the trend could influence investment decisions, regulatory planning, consumer behavior, and long-term innovation strategies across multiple sectors. Organizations involved in the initiative reported that recent advances in automation, data analysis, sustainability planning, and international collaboration have accelerated progress significantly over the past year. Industry leaders also noted that public expectations for transparency, resilience, and measurable outcomes continue to rise as global competition intensifies. Researchers, policymakers, and business executives are now evaluating how these developments may reshape future market dynamics and operational models. Supporters argue that the initiative could create new opportunities for employment, infrastructure growth, and technological advancement, while critics caution that implementation challenges, funding pressures, and regulatory uncertainty could slow adoption in some regions. Despite these concerns, early responses from stakeholders have remained largely positive, with several organizations announcing additional partnerships, pilot programs, and expansion plans aimed at strengthening long-term sustainability and operational efficiency."
8,Directors embrace virtual production techniques for large-scale action films,"Directors embrace virtual production techniques for large-scale action films. Analysts and industry observers say the development reflects a broader shift in how governments, businesses, and communities are responding to rapidly changing economic, technological, and social conditions around the world. Experts believe the trend could influence investment decisions, regulatory planning, consumer behavior, and long-term innovation strategies across multiple sectors. Organizations involved in the initiative reported that recent advances in automation, data analysis, sustainability planning, and international collaboration have accelerated progress significantly over the past year. Industry leaders also noted that public expectations for transparency, resilience, and measurable outcomes continue to rise as global competition intensifies. Researchers, policymakers, and business executives are now evaluating how these developments may reshape future market dynamics and operational models. Supporters argue that the initiative could create new opportunities for employment, infrastructure growth, and technological advancement, while critics caution that implementation challenges, funding pressures, and regulatory uncertainty could slow adoption in some regions. Despite these concerns, early responses from stakeholders have remained largely positive, with several organizations announcing additional partnerships, pilot programs, and expansion plans aimed at strengthening long-term sustainability and operational efficiency."
9,Researchers train medical AI model using synthetic patient simulation datasets,"Researchers train medical AI model using synthetic patient simulation datasets. Analysts and industry observers say the development reflects a broader shift in how governments, businesses, and communities are responding to rapidly changing economic, technological, and social conditions around the world. Experts believe the trend could influence investment decisions, regulatory planning, consumer behavior, and long-term innovation strategies across multiple sectors. Organizations involved in the initiative reported that recent advances in automation, data analysis, sustainability planning, and international collaboration have accelerated progress significantly over the past year. Industry leaders also noted that public expectations for transparency, resilience, and measurable outcomes continue to rise as global competition intensifies. Researchers, policymakers, and business executives are now evaluating how these developments may reshape future market dynamics and operational models. Supporters argue that the initiative could create new opportunities for employment, infrastructure growth, and technological advancement, while critics caution that implementation challenges, funding pressures, and regulatory uncertainty could slow adoption in some regions. Despite these concerns, early responses from stakeholders have remained largely positive, with several organizations announcing additional partnerships, pilot programs, and expansion plans aimed at strengthening long-term sustainability and operational efficiency."
10,Rising teenager shocks former champion at international tennis tournament,"Rising teenager shocks former champion at international tennis tournament. Analysts and industry observers say the development reflects a broader shift in how governments, businesses, and communities are responding to rapidly changing economic, technological, and social conditions around the world. Experts believe the trend could influence investment decisions, regulatory planning, consumer behavior, and long-term innovation strategies across multiple sectors. Organizations involved in the initiative reported that recent advances in automation, data analysis, sustainability planning, and international collaboration have accelerated progress significantly over the past year. Industry leaders also noted that public expectations for transparency, resilience, and measurable outcomes continue to rise as global competition intensifies. Researchers, policymakers, and business executives are now evaluating how these developments may reshape future market dynamics and operational models. Supporters argue that the initiative could create new opportunities for employment, infrastructure growth, and technological advancement, while critics caution that implementation challenges, funding pressures, and regulatory uncertainty could slow adoption in some regions. Despite these concerns, early responses from stakeholders have remained largely positive, with several organizations announcing additional partnerships, pilot programs, and expansion plans aimed at strengthening long-term sustainability and operational efficiency."
11,Renewable energy investments surpass fossil fuel projects for first time,"Renewable energy investments surpass fossil fuel projects for first time. Analysts and industry observers say the development reflects a broader shift in how governments, businesses, and communities are responding to rapidly changing economic, technological, and social conditions around the world. Experts believe the trend could influence investment decisions, regulatory planning, consumer behavior, and long-term innovation strategies across multiple sectors. Organizations involved in the initiative reported that recent advances in automation, data analysis, sustainability planning, and international collaboration have accelerated progress significantly over the past year. Industry leaders also noted that public expectations for transparency, resilience, and measurable outcomes continue to rise as global competition intensifies. Researchers, policymakers, and business executives are now evaluating how these developments may reshape future market dynamics and operational models. Supporters argue that the initiative could create new opportunities for employment, infrastructure growth, and technological advancement, while critics caution that implementation challenges, funding pressures, and regulatory uncertainty could slow adoption in some regions. Despite these concerns, early responses from stakeholders have remained largely positive, with several organizations announcing additional partnerships, pilot programs, and expansion plans aimed at strengthening long-term sustainability and operational efficiency."
12,Engineers develop advanced storage systems for solar energy networks,"Engineers develop advanced storage systems for solar energy networks. Analysts and industry observers say the development reflects a broader shift in how governments, businesses, and communities are responding to rapidly changing economic, technological, and social conditions around the world. Experts believe the trend could influence investment decisions, regulatory planning, consumer behavior, and long-term innovation strategies across multiple sectors. Organizations involved in the initiative reported that recent advances in automation, data analysis, sustainability planning, and international collaboration have accelerated progress significantly over the past year. Industry leaders also noted that public expectations for transparency, resilience, and measurable outcomes continue to rise as global competition intensifies. Researchers, policymakers, and business executives are now evaluating how these developments may reshape future market dynamics and operational models. Supporters argue that the initiative could create new opportunities for employment, infrastructure growth, and technological advancement, while critics caution that implementation challenges, funding pressures, and regulatory uncertainty could slow adoption in some regions. Despite these concerns, early responses from stakeholders have remained largely positive, with several organizations announcing additional partnerships, pilot programs, and expansion plans aimed at strengthening long-term sustainability and operational efficiency."
13,Urban planners propose smart transportation corridor connecting major suburbs,"Urban planners propose smart transportation corridor connecting major suburbs. Analysts and industry observers say the development reflects a broader shift in how governments, businesses, and communities are responding to rapidly changing economic, technological, and social conditions around the world. Experts believe the trend could influence investment decisions, regulatory planning, consumer behavior, and long-term innovation strategies across multiple sectors. Organizations involved in the initiative reported that recent advances in automation, data analysis, sustainability planning, and international collaboration have accelerated progress significantly over the past year. Industry leaders also noted that public expectations for transparency, resilience, and measurable outcomes continue to rise as global competition intensifies. Researchers, policymakers, and business executives are now evaluating how these developments may reshape future market dynamics and operational models. Supporters argue that the initiative could create new opportunities for employment, infrastructure growth, and technological advancement, while critics caution that implementation challenges, funding pressures, and regulatory uncertainty could slow adoption in some regions. Despite these concerns, early responses from stakeholders have remained largely positive, with several organizations announcing additional partnerships, pilot programs, and expansion plans aimed at strengthening long-term sustainability and operational efficiency."
14,Tourism authorities promote ecofriendly destinations encouraging responsible travel experiences supporting local cultural preservation efforts.,"Tourism authorities promote ecofriendly destinations encouraging responsible travel experiences supporting local cultural preservation efforts. Analysts and industry observers say the development reflects a broader shift in how governments, businesses, and communities are responding to rapidly changing economic, technological, and social conditions around the world. Experts believe the trend could influence investment decisions, regulatory planning, consumer behavior, and long-term innovation strategies across multiple sectors. Organizations involved in the initiative reported that recent advances in automation, data analysis, sustainability planning, and international collaboration have accelerated progress significantly over the past year. Industry leaders also noted that public expectations for transparency, resilience, and measurable outcomes continue to rise as global competition intensifies. Researchers, policymakers, and business executives are now evaluating how these developments may reshape future market dynamics and operational models. Supporters argue that the initiative could create new opportunities for employment, infrastructure growth, and technological advancement, while critics caution that implementation challenges, funding pressures, and regulatory uncertainty could slow adoption in some regions. Despite these concerns, early responses from stakeholders have remained largely positive, with several organizations announcing additional partnerships, pilot programs, and expansion plans aimed at strengthening long-term sustainability and operational efficiency."
15,Urban developers propose integrated transportation hubs connecting residential districts with expanding commercial business centers.,"Urban developers propose integrated transportation hubs connecting residential districts with expanding commercial business centers. Analysts and industry observers say the development reflects a broader shift in how governments, businesses, and communities are responding to rapidly changing economic, technological, and social conditions around the world. Experts believe the trend could influence investment decisions, regulatory planning, consumer behavior, and long-term innovation strategies across multiple sectors. Organizations involved in the initiative reported that recent advances in automation, data analysis, sustainability planning, and international collaboration have accelerated progress significantly over the past year. Industry leaders also noted that public expectations for transparency, resilience, and measurable outcomes continue to rise as global competition intensifies. Researchers, policymakers, and business executives are now evaluating how these developments may reshape future market dynamics and operational models. Supporters argue that the initiative could create new opportunities for employment, infrastructure growth, and technological advancement, while critics caution that implementation challenges, funding pressures, and regulatory uncertainty could slow adoption in some regions. Despite these concerns, early responses from stakeholders have remained largely positive, with several organizations announcing additional partnerships, pilot programs, and expansion plans aimed at strengthening long-term sustainability and operational efficiency."
16,Foreign investors reduce holdings amid uncertainty over currency stabilization policies,"Foreign investors reduce holdings amid uncertainty over currency stabilization policies. Analysts and industry observers say the development reflects a broader shift in how governments, businesses, and communities are responding to rapidly changing economic, technological, and social conditions around the world. Experts believe the trend could influence investment decisions, regulatory planning, consumer behavior, and long-term innovation strategies across multiple sectors. Organizations involved in the initiative reported that recent advances in automation, data analysis, sustainability planning, and international collaboration have accelerated progress significantly over the past year. Industry leaders also noted that public expectations for transparency, resilience, and measurable outcomes continue to rise as global competition intensifies. Researchers, policymakers, and business executives are now evaluating how these developments may reshape future market dynamics and operational models. Supporters argue that the initiative could create new opportunities for employment, infrastructure growth, and technological advancement, while critics caution that implementation challenges, funding pressures, and regulatory uncertainty could slow adoption in some regions. Despite these concerns, early responses from stakeholders have remained largely positive, with several organizations announcing additional partnerships, pilot programs, and expansion plans aimed at strengthening long-term sustainability and operational efficiency."
17,Athletes demand improved mental health support during international competitions,"Athletes demand improved mental health support during international competitions. Analysts and industry observers say the development reflects a broader shift in how governments, businesses, and communities are responding to rapidly changing economic, technological, and social conditions around the world. Experts believe the trend could influence investment decisions, regulatory planning, consumer behavior, and long-term innovation strategies across multiple sectors. Organizations involved in the initiative reported that recent advances in automation, data analysis, sustainability planning, and international collaboration have accelerated progress significantly over the past year. Industry leaders also noted that public expectations for transparency, resilience, and measurable outcomes continue to rise as global competition intensifies. Researchers, policymakers, and business executives are now evaluating how these developments may reshape future market dynamics and operational models. Supporters argue that the initiative could create new opportunities for employment, infrastructure growth, and technological advancement, while critics caution that implementation challenges, funding pressures, and regulatory uncertainty could slow adoption in some regions. Despite these concerns, early responses from stakeholders have remained largely positive, with several organizations announcing additional partnerships, pilot programs, and expansion plans aimed at strengthening long-term sustainability and operational efficiency."
18,Researchers discover promising treatment pathway for rare neurological disorder,"Researchers discover promising treatment pathway for rare neurological disorder. Analysts and industry observers say the development reflects a broader shift in how governments, businesses, and communities are responding to rapidly changing economic, technological, and social conditions around the world. Experts believe the trend could influence investment decisions, regulatory planning, consumer behavior, and long-term innovation strategies across multiple sectors. Organizations involved in the initiative reported that recent advances in automation, data analysis, sustainability planning, and international collaboration have accelerated progress significantly over the past year. Industry leaders also noted that public expectations for transparency, resilience, and measurable outcomes continue to rise as global competition intensifies. Researchers, policymakers, and business executives are now evaluating how these developments may reshape future market dynamics and operational models. Supporters argue that the initiative could create new opportunities for employment, infrastructure growth, and technological advancement, while critics caution that implementation challenges, funding pressures, and regulatory uncertainty could slow adoption in some regions. Despite these concerns, early responses from stakeholders have remained largely positive, with several organizations announcing additional partnerships, pilot programs, and expansion plans aimed at strengthening long-term sustainability and operational efficiency."
19,Investment banks predict increased volatility in emerging Asian financial markets,"Investment banks predict increased volatility in emerging Asian financial markets. Analysts and industry observers say the development reflects a broader shift in how governments, businesses, and communities are responding to rapidly changing economic, technological, and social conditions around the world. Experts believe the trend could influence investment decisions, regulatory planning, consumer behavior, and long-term innovation strategies across multiple sectors. Organizations involved in the initiative reported that recent advances in automation, data analysis, sustainability planning, and international collaboration have accelerated progress significantly over the past year. Industry leaders also noted that public expectations for transparency, resilience, and measurable outcomes continue to rise as global competition intensifies. Researchers, policymakers, and business executives are now evaluating how these developments may reshape future market dynamics and operational models. Supporters argue that the initiative could create new opportunities for employment, infrastructure growth, and technological advancement, while critics caution that implementation challenges, funding pressures, and regulatory uncertainty could slow adoption in some regions. Despite these concerns, early responses from stakeholders have remained largely positive, with several organizations announcing additional partnerships, pilot programs, and expansion plans aimed at strengthening long-term sustainability and operational efficiency."
20,Wildlife populations recover after decade-long coastal conservation initiative,"Wildlife populations recover after decade-long coastal conservation initiative. Analysts and industry observers say the development reflects a broader shift in how governments, businesses, and communities are responding to rapidly changing economic, technological, and social conditions around the world. Experts believe the trend could influence investment decisions, regulatory planning, consumer behavior, and long-term innovation strategies across multiple sectors. Organizations involved in the initiative reported that recent advances in automation, data analysis, sustainability planning, and international collaboration have accelerated progress significantly over the past year. Industry leaders also noted that public expectations for transparency, resilience, and measurable outcomes continue to rise as global competition intensifies. Researchers, policymakers, and business executives are now evaluating how these developments may reshape future market dynamics and operational models. Supporters argue that the initiative could create new opportunities for employment, infrastructure growth, and technological advancement, while critics caution that implementation challenges, funding pressures, and regulatory uncertainty could slow adoption in some regions. Despite these concerns, early responses from stakeholders have remained largely positive, with several organizations announcing additional partnerships, pilot programs, and expansion plans aimed at strengthening long-term sustainability and operational efficiency."
21,Cultural festival celebrates indigenous traditions through music and storytelling,"Cultural festival celebrates indigenous traditions through music and storytelling. Analysts and industry observers say the development reflects a broader shift in how governments, businesses, and communities are responding to rapidly changing economic, technological, and social conditions around the world. Experts believe the trend could influence investment decisions, regulatory planning, consumer behavior, and long-term innovation strategies across multiple sectors. Organizations involved in the initiative reported that recent advances in automation, data analysis, sustainability planning, and international collaboration have accelerated progress significantly over the past year. Industry leaders also noted that public expectations for transparency, resilience, and measurable outcomes continue to rise as global competition intensifies. Researchers, policymakers, and business executives are now evaluating how these developments may reshape future market dynamics and operational models. Supporters argue that the initiative could create new opportunities for employment, infrastructure growth, and technological advancement, while critics caution that implementation challenges, funding pressures, and regulatory uncertainty could slow adoption in some regions. Despite these concerns, early responses from stakeholders have remained largely positive, with several organizations announcing additional partnerships, pilot programs, and expansion plans aimed at strengthening long-term sustainability and operational efficiency."
22,Music festival organizers reveal surprise international headline performers,"Music festival organizers reveal surprise international headline performers. Analysts and industry observers say the development reflects a broader shift in how governments, businesses, and communities are responding to rapidly changing economic, technological, and social conditions around the world. Experts believe the trend could influence investment decisions, regulatory planning, consumer behavior, and long-term innovation strategies across multiple sectors. Organizations involved in the initiative reported that recent advances in automation, data analysis, sustainability planning, and international collaboration have accelerated progress significantly over the past year. Industry leaders also noted that public expectations for transparency, resilience, and measurable outcomes continue to rise as global competition intensifies. Researchers, policymakers, and business executives are now evaluating how these developments may reshape future market dynamics and operational models. Supporters argue that the initiative could create new opportunities for employment, infrastructure growth, and technological advancement, while critics caution that implementation challenges, funding pressures, and regulatory uncertainty could slow adoption in some regions. Despite these concerns, early responses from stakeholders have remained largely positive, with several organizations announcing additional partnerships, pilot programs, and expansion plans aimed at strengthening long-term sustainability and operational efficiency."
23,Private aerospace company successfully tests reusable atmospheric reentry vehicle,"Private aerospace company successfully tests reusable atmospheric reentry vehicle. Analysts and industry observers say the development reflects a broader shift in how governments, businesses, and communities are responding to rapidly changing economic, technological, and social conditions around the world. Experts believe the trend could influence investment decisions, regulatory planning, consumer behavior, and long-term innovation strategies across multiple sectors. Organizations involved in the initiative reported that recent advances in automation, data analysis, sustainability planning, and international collaboration have accelerated progress significantly over the past year. Industry leaders also noted that public expectations for transparency, resilience, and measurable outcomes continue to rise as global competition intensifies. Researchers, policymakers, and business executives are now evaluating how these developments may reshape future market dynamics and operational models. Supporters argue that the initiative could create new opportunities for employment, infrastructure growth, and technological advancement, while critics caution that implementation challenges, funding pressures, and regulatory uncertainty could slow adoption in some regions. Despite these concerns, early responses from stakeholders have remained largely positive, with several organizations announcing additional partnerships, pilot programs, and expansion plans aimed at strengthening long-term sustainability and operational efficiency."
24,Advocacy organizations demand stronger protections supporting marginalized communities experiencing discrimination within employment sectors.,"Advocacy organizations demand stronger protections supporting marginalized communities experiencing discrimination within employment sectors. Analysts and industry observers say the development reflects a broader shift in how governments, businesses, and communities are responding to rapidly changing economic, technological, and social conditions around the world. Experts believe the trend could influence investment decisions, regulatory planning, consumer behavior, and long-term innovation strategies across multiple sectors. Organizations involved in the initiative reported that recent advances in automation, data analysis, sustainability planning, and international collaboration have accelerated progress significantly over the past year. Industry leaders also noted that public expectations for transparency, resilience, and measurable outcomes continue to rise as global competition intensifies. Researchers, policymakers, and business executives are now evaluating how these developments may reshape future market dynamics and operational models. Supporters argue that the initiative could create new opportunities for employment, infrastructure growth, and technological advancement, while critics caution that implementation challenges, funding pressures, and regulatory uncertainty could slow adoption in some regions. Despite these concerns, early responses from stakeholders have remained largely positive, with several organizations announcing additional partnerships, pilot programs, and expansion plans aimed at strengthening long-term sustainability and operational efficiency."
25,Severe storms disrupt transportation networks across coastal districts,"Severe storms disrupt transportation networks across coastal districts. Analysts and industry observers say the development reflects a broader shift in how governments, businesses, and communities are responding to rapidly changing economic, technological, and social conditions around the world. Experts believe the trend could influence investment decisions, regulatory planning, consumer behavior, and long-term innovation strategies across multiple sectors. Organizations involved in the initiative reported that recent advances in automation, data analysis, sustainability planning, and international collaboration have accelerated progress significantly over the past year. Industry leaders also noted that public expectations for transparency, resilience, and measurable outcomes continue to rise as global competition intensifies. Researchers, policymakers, and business executives are now evaluating how these developments may reshape future market dynamics and operational models. Supporters argue that the initiative could create new opportunities for employment, infrastructure growth, and technological advancement, while critics caution that implementation challenges, funding pressures, and regulatory uncertainty could slow adoption in some regions. Despite these concerns, early responses from stakeholders have remained largely positive, with several organizations announcing additional partnerships, pilot programs, and expansion plans aimed at strengthening long-term sustainability and operational efficiency."
26,Government unveils tax incentives for small manufacturing businesses and exporters,"Government unveils tax incentives for small manufacturing businesses and exporters. Analysts and industry observers say the development reflects a broader shift in how governments, businesses, and communities are responding to rapidly changing economic, technological, and social conditions around the world. Experts believe the trend could influence investment decisions, regulatory planning, consumer behavior, and long-term innovation strategies across multiple sectors. Organizations involved in the initiative reported that recent advances in automation, data analysis, sustainability planning, and international collaboration have accelerated progress significantly over the past year. Industry leaders also noted that public expectations for transparency, resilience, and measurable outcomes continue to rise as global competition intensifies. Researchers, policymakers, and business executives are now evaluating how these developments may reshape future market dynamics and operational models. Supporters argue that the initiative could create new opportunities for employment, infrastructure growth, and technological advancement, while critics caution that implementation challenges, funding pressures, and regulatory uncertainty could slow adoption in some regions. Despite these concerns, early responses from stakeholders have remained largely positive, with several organizations announcing additional partnerships, pilot programs, and expansion plans aimed at strengthening long-term sustainability and operational efficiency."
27,Government agencies conduct nationwide cyberattack preparedness simulation exercise,"Government agencies conduct nationwide cyberattack preparedness simulation exercise. Analysts and industry observers say the development reflects a broader shift in how governments, businesses, and communities are responding to rapidly changing economic, technological, and social conditions around the world. Experts believe the trend could influence investment decisions, regulatory planning, consumer behavior, and long-term innovation strategies across multiple sectors. Organizations involved in the initiative reported that recent advances in automation, data analysis, sustainability planning, and international collaboration have accelerated progress significantly over the past year. Industry leaders also noted that public expectations for transparency, resilience, and measurable outcomes continue to rise as global competition intensifies. Researchers, policymakers, and business executives are now evaluating how these developments may reshape future market dynamics and operational models. Supporters argue that the initiative could create new opportunities for employment, infrastructure growth, and technological advancement, while critics caution that implementation challenges, funding pressures, and regulatory uncertainty could slow adoption in some regions. Despite these concerns, early responses from stakeholders have remained largely positive, with several organizations announcing additional partnerships, pilot programs, and expansion plans aimed at strengthening long-term sustainability and operational efficiency."
28,Researchers study urban pollution impact on migratory bird behavior,"Researchers study urban pollution impact on migratory bird behavior. Analysts and industry observers say the development reflects a broader shift in how governments, businesses, and communities are responding to rapidly changing economic, technological, and social conditions around the world. Experts believe the trend could influence investment decisions, regulatory planning, consumer behavior, and long-term innovation strategies across multiple sectors. Organizations involved in the initiative reported that recent advances in automation, data analysis, sustainability planning, and international collaboration have accelerated progress significantly over the past year. Industry leaders also noted that public expectations for transparency, resilience, and measurable outcomes continue to rise as global competition intensifies. Researchers, policymakers, and business executives are now evaluating how these developments may reshape future market dynamics and operational models. Supporters argue that the initiative could create new opportunities for employment, infrastructure growth, and technological advancement, while critics caution that implementation challenges, funding pressures, and regulatory uncertainty could slow adoption in some regions. Despite these concerns, early responses from stakeholders have remained largely positive, with several organizations announcing additional partnerships, pilot programs, and expansion plans aimed at strengthening long-term sustainability and operational efficiency."
29,Top-seeded player advances after intense five-set semifinal battle,"Top-seeded player advances after intense five-set semifinal battle. Analysts and industry observers say the development reflects a broader shift in how governments, businesses, and communities are responding to rapidly changing economic, technological, and social conditions around the world. Experts believe the trend could influence investment decisions, regulatory planning, consumer behavior, and long-term innovation strategies across multiple sectors. Organizations involved in the initiative reported that recent advances in automation, data analysis, sustainability planning, and international collaboration have accelerated progress significantly over the past year. Industry leaders also noted that public expectations for transparency, resilience, and measurable outcomes continue to rise as global competition intensifies. Researchers, policymakers, and business executives are now evaluating how these developments may reshape future market dynamics and operational models. Supporters argue that the initiative could create new opportunities for employment, infrastructure growth, and technological advancement, while critics caution that implementation challenges, funding pressures, and regulatory uncertainty could slow adoption in some regions. Despite these concerns, early responses from stakeholders have remained largely positive, with several organizations announcing additional partnerships, pilot programs, and expansion plans aimed at strengthening long-term sustainability and operational efficiency."
30,Fashion designers showcase sustainable fabrics during international runway event,"Fashion designers showcase sustainable fabrics during international runway event. Analysts and industry observers say the development reflects a broader shift in how governments, businesses, and communities are responding to rapidly changing economic, technological, and social conditions around the world. Experts believe the trend could influence investment decisions, regulatory planning, consumer behavior, and long-term innovation strategies across multiple sectors. Organizations involved in the initiative reported that recent advances in automation, data analysis, sustainability planning, and international collaboration have accelerated progress significantly over the past year. Industry leaders also noted that public expectations for transparency, resilience, and measurable outcomes continue to rise as global competition intensifies. Researchers, policymakers, and business executives are now evaluating how these developments may reshape future market dynamics and operational models. Supporters argue that the initiative could create new opportunities for employment, infrastructure growth, and technological advancement, while critics caution that implementation challenges, funding pressures, and regulatory uncertainty could slow adoption in some regions. Despite these concerns, early responses from stakeholders have remained largely positive, with several organizations announcing additional partnerships, pilot programs, and expansion plans aimed at strengthening long-term sustainability and operational efficiency."
31,Opposition leaders demand inquiry into alleged misuse of national surveillance systems,"Opposition leaders demand inquiry into alleged misuse of national surveillance systems. Analysts and industry observers say the development reflects a broader shift in how governments, businesses, and communities are responding to rapidly changing economic, technological, and social conditions around the world. Experts believe the trend could influence investment decisions, regulatory planning, consumer behavior, and long-term innovation strategies across multiple sectors. Organizations involved in the initiative reported that recent advances in automation, data analysis, sustainability planning, and international collaboration have accelerated progress significantly over the past year. Industry leaders also noted that public expectations for transparency, resilience, and measurable outcomes continue to rise as global competition intensifies. Researchers, policymakers, and business executives are now evaluating how these developments may reshape future market dynamics and operational models. Supporters argue that the initiative could create new opportunities for employment, infrastructure growth, and technological advancement, while critics caution that implementation challenges, funding pressures, and regulatory uncertainty could slow adoption in some regions. Despite these concerns, early responses from stakeholders have remained largely positive, with several organizations announcing additional partnerships, pilot programs, and expansion plans aimed at strengthening long-term sustainability and operational efficiency."
32,Cybersecurity experts identify sophisticated malware targeting hospital payment systems,"Cybersecurity experts identify sophisticated malware targeting hospital payment systems. Analysts and industry observers say the development reflects a broader shift in how governments, businesses, and communities are responding to rapidly changing economic, technological, and social conditions around the world. Experts believe the trend could influence investment decisions, regulatory planning, consumer behavior, and long-term innovation strategies across multiple sectors. Organizations involved in the initiative reported that recent advances in automation, data analysis, sustainability planning, and international collaboration have accelerated progress significantly over the past year. Industry leaders also noted that public expectations for transparency, resilience, and measurable outcomes continue to rise as global competition intensifies. Researchers, policymakers, and business executives are now evaluating how these developments may reshape future market dynamics and operational models. Supporters argue that the initiative could create new opportunities for employment, infrastructure growth, and technological advancement, while critics caution that implementation challenges, funding pressures, and regulatory uncertainty could slow adoption in some regions. Despite these concerns, early responses from stakeholders have remained largely positive, with several organizations announcing additional partnerships, pilot programs, and expansion plans aimed at strengthening long-term sustainability and operational efficiency."
33,Underdog football club secures historic victory against defending champions,"Underdog football club secures historic victory against defending champions. Analysts and industry observers say the development reflects a broader shift in how governments, businesses, and communities are responding to rapidly changing economic, technological, and social conditions around the world. Experts believe the trend could influence investment decisions, regulatory planning, consumer behavior, and long-term innovation strategies across multiple sectors. Organizations involved in the initiative reported that recent advances in automation, data analysis, sustainability planning, and international collaboration have accelerated progress significantly over the past year. Industry leaders also noted that public expectations for transparency, resilience, and measurable outcomes continue to rise as global competition intensifies. Researchers, policymakers, and business executives are now evaluating how these developments may reshape future market dynamics and operational models. Supporters argue that the initiative could create new opportunities for employment, infrastructure growth, and technological advancement, while critics caution that implementation challenges, funding pressures, and regulatory uncertainty could slow adoption in some regions. Despite these concerns, early responses from stakeholders have remained largely positive, with several organizations announcing additional partnerships, pilot programs, and expansion plans aimed at strengthening long-term sustainability and operational efficiency."
34,Chefs experiment with plant-based seafood alternatives in fine dining,"Chefs experiment with plant-based seafood alternatives in fine dining. Analysts and industry observers say the development reflects a broader shift in how governments, businesses, and communities are responding to rapidly changing economic, technological, and social conditions around the world. Experts believe the trend could influence investment decisions, regulatory planning, consumer behavior, and long-term innovation strategies across multiple sectors. Organizations involved in the initiative reported that recent advances in automation, data analysis, sustainability planning, and international collaboration have accelerated progress significantly over the past year. Industry leaders also noted that public expectations for transparency, resilience, and measurable outcomes continue to rise as global competition intensifies. Researchers, policymakers, and business executives are now evaluating how these developments may reshape future market dynamics and operational models. Supporters argue that the initiative could create new opportunities for employment, infrastructure growth, and technological advancement, while critics caution that implementation challenges, funding pressures, and regulatory uncertainty could slow adoption in some regions. Despite these concerns, early responses from stakeholders have remained largely positive, with several organizations announcing additional partnerships, pilot programs, and expansion plans aimed at strengthening long-term sustainability and operational efficiency."
35,Global summit discusses strategic alliances amid rising tensions in eastern Europe,"Global summit discusses strategic alliances amid rising tensions in eastern Europe. Analysts and industry observers say the development reflects a broader shift in how governments, businesses, and communities are responding to rapidly changing economic, technological, and social conditions around the world. Experts believe the trend could influence investment decisions, regulatory planning, consumer behavior, and long-term innovation strategies across multiple sectors. Organizations involved in the initiative reported that recent advances in automation, data analysis, sustainability planning, and international collaboration have accelerated progress significantly over the past year. Industry leaders also noted that public expectations for transparency, resilience, and measurable outcomes continue to rise as global competition intensifies. Researchers, policymakers, and business executives are now evaluating how these developments may reshape future market dynamics and operational models. Supporters argue that the initiative could create new opportunities for employment, infrastructure growth, and technological advancement, while critics caution that implementation challenges, funding pressures, and regulatory uncertainty could slow adoption in some regions. Despite these concerns, early responses from stakeholders have remained largely positive, with several organizations announcing additional partnerships, pilot programs, and expansion plans aimed at strengthening long-term sustainability and operational efficiency."
36,Stock markets rally after technology firms report stronger quarterly earnings,"Stock markets rally after technology firms report stronger quarterly earnings. Analysts and industry observers say the development reflects a broader shift in how governments, businesses, and communities are responding to rapidly changing economic, technological, and social conditions around the world. Experts believe the trend could influence investment decisions, regulatory planning, consumer behavior, and long-term innovation strategies across multiple sectors. Organizations involved in the initiative reported that recent advances in automation, data analysis, sustainability planning, and international collaboration have accelerated progress significantly over the past year. Industry leaders also noted that public expectations for transparency, resilience, and measurable outcomes continue to rise as global competition intensifies. Researchers, policymakers, and business executives are now evaluating how these developments may reshape future market dynamics and operational models. Supporters argue that the initiative could create new opportunities for employment, infrastructure growth, and technological advancement, while critics caution that implementation challenges, funding pressures, and regulatory uncertainty could slow adoption in some regions. Despite these concerns, early responses from stakeholders have remained largely positive, with several organizations announcing additional partnerships, pilot programs, and expansion plans aimed at strengthening long-term sustainability and operational efficiency."
37,Meteorologists predict extended drought conditions affecting agricultural regions,"Meteorologists predict extended drought conditions affecting agricultural regions. Analysts and industry observers say the development reflects a broader shift in how governments, businesses, and communities are responding to rapidly changing economic, technological, and social conditions around the world. Experts believe the trend could influence investment decisions, regulatory planning, consumer behavior, and long-term innovation strategies across multiple sectors. Organizations involved in the initiative reported that recent advances in automation, data analysis, sustainability planning, and international collaboration have accelerated progress significantly over the past year. Industry leaders also noted that public expectations for transparency, resilience, and measurable outcomes continue to rise as global competition intensifies. Researchers, policymakers, and business executives are now evaluating how these developments may reshape future market dynamics and operational models. Supporters argue that the initiative could create new opportunities for employment, infrastructure growth, and technological advancement, while critics caution that implementation challenges, funding pressures, and regulatory uncertainty could slow adoption in some regions. Despite these concerns, early responses from stakeholders have remained largely positive, with several organizations announcing additional partnerships, pilot programs, and expansion plans aimed at strengthening long-term sustainability and operational efficiency."
38,Regional leaders negotiate emergency ceasefire agreement following escalating border tensions disrupting international trade routes.,"Regional leaders negotiate emergency ceasefire agreement following escalating border tensions disrupting international trade routes. Analysts and industry observers say the development reflects a broader shift in how governments, businesses, and communities are responding to rapidly changing economic, technological, and social conditions around the world. Experts believe the trend could influence investment decisions, regulatory planning, consumer behavior, and long-term innovation strategies across multiple sectors. Organizations involved in the initiative reported that recent advances in automation, data analysis, sustainability planning, and international collaboration have accelerated progress significantly over the past year. Industry leaders also noted that public expectations for transparency, resilience, and measurable outcomes continue to rise as global competition intensifies. Researchers, policymakers, and business executives are now evaluating how these developments may reshape future market dynamics and operational models. Supporters argue that the initiative could create new opportunities for employment, infrastructure growth, and technological advancement, while critics caution that implementation challenges, funding pressures, and regulatory uncertainty could slow adoption in some regions. Despite these concerns, early responses from stakeholders have remained largely positive, with several organizations announcing additional partnerships, pilot programs, and expansion plans aimed at strengthening long-term sustainability and operational efficiency."
39,Construction delays impact nationwide affordable housing expansion project,"Construction delays impact nationwide affordable housing expansion project. Analysts and industry observers say the development reflects a broader shift in how governments, businesses, and communities are responding to rapidly changing economic, technological, and social conditions around the world. Experts believe the trend could influence investment decisions, regulatory planning, consumer behavior, and long-term innovation strategies across multiple sectors. Organizations involved in the initiative reported that recent advances in automation, data analysis, sustainability planning, and international collaboration have accelerated progress significantly over the past year. Industry leaders also noted that public expectations for transparency, resilience, and measurable outcomes continue to rise as global competition intensifies. Researchers, policymakers, and business executives are now evaluating how these developments may reshape future market dynamics and operational models. Supporters argue that the initiative could create new opportunities for employment, infrastructure growth, and technological advancement, while critics caution that implementation challenges, funding pressures, and regulatory uncertainty could slow adoption in some regions. Despite these concerns, early responses from stakeholders have remained largely positive, with several organizations announcing additional partnerships, pilot programs, and expansion plans aimed at strengthening long-term sustainability and operational efficiency."
40,Major data breach exposes confidential records from international logistics provider,"Major data breach exposes confidential records from international logistics provider. Analysts and industry observers say the development reflects a broader shift in how governments, businesses, and communities are responding to rapidly changing economic, technological, and social conditions around the world. Experts believe the trend could influence investment decisions, regulatory planning, consumer behavior, and long-term innovation strategies across multiple sectors. Organizations involved in the initiative reported that recent advances in automation, data analysis, sustainability planning, and international collaboration have accelerated progress significantly over the past year. Industry leaders also noted that public expectations for transparency, resilience, and measurable outcomes continue to rise as global competition intensifies. Researchers, policymakers, and business executives are now evaluating how these developments may reshape future market dynamics and operational models. Supporters argue that the initiative could create new opportunities for employment, infrastructure growth, and technological advancement, while critics caution that implementation challenges, funding pressures, and regulatory uncertainty could slow adoption in some regions. Despite these concerns, early responses from stakeholders have remained largely positive, with several organizations announcing additional partnerships, pilot programs, and expansion plans aimed at strengthening long-term sustainability and operational efficiency."
