hid,category,headline,article
7,artificial intelligence,Researchers train medical AI model using synthetic patient simulation datasets,"In a groundbreaking development within the medical field, researchers have successfully trained an artificial intelligence (AI) model using synthetic patient simulation datasets. This innovative approach holds significant promise for transforming patient care by enhancing diagnostic accuracy and personalizing treatment plans. 

Utilizing synthetic data, which mimics real-world patient scenarios, researchers aim to overcome longstanding challenges in medical data accessibility due to privacy concerns and limited availability. By generating vast amounts of anonymized data, AI systems can be trained with greater efficiency and diversity, thus bolstering their capability to interpret complex medical conditions with enhanced precision.

The employment of synthetic datasets also serves to mitigate biases that often plague traditionally collected data. This diversity ensures that AI models can perform equitably across varied populations, addressing a critical concern in medical research where demographic disparities can lead to unequal health outcomes.

The potential applications of this technology are vast, ranging from early disease detection to streamlining hospital operations. Hospitals could implement AI-driven diagnostic tools that improve decision-making processes, reducing the burden on healthcare professionals and expediting patient care. Moreover, personalized medicine could see a substantial evolution, with AI catering treatments based on a synthetic understanding of individual patient needs.

As the healthcare landscape continues to embrace AI, ethical considerations around data usage remain paramount. However, the advent of synthetic datasets represents a promising stride toward harnessing AI's full potential safely and effectively, signifying a new era in medical innovation and patient-centric care."
9,artificial intelligence,Researchers train medical AI model using synthetic patient simulation datasets,"In a groundbreaking development in the field of artificial intelligence, researchers have successfully trained a medical AI model using synthetic patient simulation datasets. This innovative approach promises to reshape the landscape of healthcare diagnostics and treatment, providing a new layer of precision and reliability in medical assessments.

Traditionally, AI models in healthcare have relied heavily on real-world data, which often presents limitations in terms of availability, patient privacy concerns, and the risk of introducing biases inherent in the collected datasets. By contrast, using synthetic data allows researchers to overcome these limitations by crafting an extensive range of patient scenarios without compromising confidentiality or ethical standards.

The synthetic datasets are generated through complex algorithms that simulate realistic patient conditions, covering a diverse spectrum of medical cases. This ensures that the AI model is exposed to a wide variety of symptoms and outcomes, enhancing its ability to generalize and adapt to new, unseen situations. The use of such datasets also facilitates continuous learning and refinement of the AI, paving the way for more accurate predictive analysis and diagnostics.

Early results from studies using these synthetic datasets indicate that AI models trained with this method exhibit improved performance in identifying rare diseases and predicting patient outcomes. This step forward not only enhances the models’ diagnostic capabilities but also supports healthcare professionals in making more informed decisions, ultimately leading to improved patient care and outcomes.

As this research progresses, the integration of synthetic datasets in AI training could herald a new era in medical technology, reinforcing AI’s role as a pivotal partner in advancing healthcare innovation."
1,science & technology,Researchers develop biodegradable battery technology for next-generation electric vehicles,"In a breakthrough poised to revolutionize the electric vehicle (EV) industry, researchers have developed a cutting-edge biodegradable battery technology. As the global demand for sustainable energy solutions intensifies, this innovative advancement promises to transform not only the production norms but also the environmental footprint of electric vehicles.

The newly developed battery technology employs bio-based materials, which are not only environmentally benign but also ensure efficient energy storage and discharge capabilities. Traditional lithium-ion batteries, although effective, pose significant environmental challenges concerning resource extraction and disposal. Conversely, biodegradable batteries offer an eco-friendly alternative, reducing the dependence on finite resources and eliminating hazardous waste.

The research, conducted by a consortium of scientists at leading institutions, reveals that these batteries can decompose naturally at the end of their lifecycle, significantly minimizing the impact on landfills. The bio-based materials used are derived from renewable sources such as cellulose, extracted from agricultural waste, making them both cost-effective and sustainable.

Beyond their environmental benefits, these biodegradable batteries boast a performance efficiency on par with current lithium-ion batteries, marking a significant milestone in their commercial viability. The scientific community and industry stakeholders have lauded this innovation as pivotal in aligning the EV market with broader environmental sustainability goals.

As developments in this field progress, the transition towards biodegradable battery technology could redefine the future of electric mobility, paving the way for greener, more sustainable urban landscapes while mitigating the adverse ecological effects of contemporary battery technologies."
88,business & economy,Manufacturing exports surge dramatically as domestic companies expand investments across emerging global consumer markets.,"In an encouraging development for the national economy, manufacturing exports have witnessed a dramatic surge, spurred by domestic companies expanding their investments across emerging global consumer markets. This growth trajectory signifies not just a robust manufacturing sector but also a strategic pivot towards international outreach.

Several factors contribute to this upward trend. Foremost among them is the growing demand for high-quality, competitively-priced goods in emerging markets across Asia, Africa, and Latin America. With rising middle classes in these regions, there is an increased appetite for consumer goods, electronics, and automotive parts, amongst other manufactured products. Domestic companies, recognizing this potential, have strategically increased their investments to scale production capacity and align it with international standards.

Moreover, advancements in technology have enabled manufacturers to optimize their operations, making them leaner and more cost-effective. This technological edge has made products affordable and attractive to foreign buyers. Government initiatives play a pivotal role too. By offering incentives and streamlining export processes, domestic enterprises are encouraged to explore and penetrate these burgeoning markets.

Furthermore, bilateral trade agreements have fostered a more conducive environment for export. By reducing tariffs and simplifying regulations, they have opened doors to markets previously deemed difficult to penetrate, fostering a favorable balance of trade. As these companies continue to broaden their horizons, the manufacturing sector's robust export performance promises sustained economic vitality. This development not only highlights the resilience of domestic industries but also cements the country's position as a formidable player in the global marketplace."
59,defense & military,Defense officials unveil next-generation unmanned reconnaissance aircraft prototype,"In a groundbreaking advancement for military technology, defense officials have unveiled a prototype of a next-generation unmanned reconnaissance aircraft, poised to redefine intelligence gathering on the modern battlefield. The new prototype, heralded as a technological marvel, promises enhanced surveillance capabilities while significantly minimizing risk to human personnel.

Engineered with state-of-the-art stealth technology, the aircraft is designed to perform in intricate and high-threat environments, providing real-time intelligence and superior situational awareness. The newly developed reconnaissance capabilities allow for heightened data collection and analysis, enabling military forces to make informed decisions with unprecedented precision.

At the unveiling, officials emphasized the aircraft's modular design, allowing for mission-specific configuration. This adaptability ensures versatile operation in a variety of terrains and conditions, enhancing operational flexibility. Key features include advanced optics and sensor systems, autonomous flight capabilities powered by cutting-edge artificial intelligence, and an extended operational range, which collectively offer a strategic advantage over existing reconnaissance technologies.

This initiative marks a significant leap forward in defense innovation, highlighting the ongoing commitment to leveraging emerging technologies to bolster national security. The deployment of such unmanned systems not only augments the breadth of reconnaissance operations but also aligns with broader defense goals of reducing reliance on manpower and improving battlefield efficiency.

Project leaders remain optimistic about the future operational deployment of the aircraft, viewing it as a pivotal tool in securing global peace and stability through superior intelligence capabilities. As development continues, the prototype stands as a testament to the transformative potential of military technology in shaping the future of defense operations."
60,travel & tourism,Tourism industry rebounds after relaxed international visa regulations,"The global tourism industry is witnessing a vigorous resurgence following the relaxation of international visa regulations. Tourism-dependent economies, from Europe’s cultural hubs to Asia’s exotic retreats, are experiencing a significant uptick in visitor numbers, buoyed by streamlined visa procedures and innovative digital frameworks.

Travelers, after enduring months of restricted movement due to pandemic-related constraints, are seizing the opportunity to explore diverse cultures and landscapes. The easing of visa restrictions has been pivotal, not only in facilitating easier access but also in restoring travelers' confidence, which had waned amid the ongoing COVID-19 uncertainties.

International collaborations among governments have led to the adoption of more lenient and efficient visa policies. Many countries now offer electronic visas and accelerated application processes, reducing bureaucratic hurdles and wait times, which have long been a deterrent to potential visitors.

The tourism sector, a critical economic pillar for many nations, is also benefiting from these changes. Local economies, previously strained by the lack of tourists, are now witnessing a revival. Hospitality industries are seeing a boost in bookings, while local businesses are capitalizing on the increased footfall, igniting a wave of economic activity.

Experts indicate that the momentum is likely to continue, provided that countries maintain these flexible visa policies while ensuring health and safety protocols are robustly implemented. This new era of travel convenience is expected to foster a more inclusive, connected world, as individuals rediscover the joys of global exploration. As nations adjust to this revitalized demand, the tourism industry stands poised for a promising recovery, marking the dawn of a new chapter in the post-pandemic era."
30,lifestyle & fashion,Fashion designers showcase sustainable fabrics during international runway event,"In a groundbreaking display of innovation and environmental consciousness, fashion designers from around the globe have come together to showcase sustainable fabrics during a prestigious international runway event. As the industry faces growing pressure to mitigate its environmental impact, this event serves as a beacon for eco-conscious fashion, highlighting the strides made within the creative realms of style and sustainability.

The event, held in the fashion capital of Milan, saw designers embracing an array of eco-friendly materials, from organic cotton and bamboo fibers to recycled polyester and innovative textiles derived from seaweed and fruit waste. Each fabric told a unique story, weaving a narrative that spoke of a greener future and a departure from fast fashion's harmful legacy.

Among the standout collections, emerging designer Amina Leclerc captured attention with her elegant line crafted entirely from upcycled denim, symbolizing a shift toward circular fashion. Meanwhile, established brand EcoChic dazzled audiences with their ethereal gowns spun from biodegradable silk, merging luxury with responsibility.

Designers emphasized the importance of transparency in production, showcasing techniques that reduce waste and carbon footprint. This conscientious approach was applauded by industry experts and fashion enthusiasts alike, proving that style does not have to compromise on ethics.

As the final models graced the runway, the event left attendees with a sense of optimism and urgency. The message was clear: the future of fashion is inherently linked with the wellbeing of our planet. With sustainable fabrics taking center stage, this event marks a pivotal step toward a more harmonious relationship between fashion and nature."
16,finance & markets,Foreign investors reduce holdings amid uncertainty over currency stabilization policies,"Foreign investors are making a notable shift in their portfolios, opting to reduce holdings in markets perceived as unstable due to mounting uncertainties surrounding currency stabilization policies. This trend reflects a growing caution among international stakeholders, driven by concerns over currency volatility and unpredictable economic policies.

Recent reports indicate a decline in foreign direct investment (FDI) across several emerging markets, as erratic government interventions in currency management create additional layers of risk. Investors are particularly wary of countries that have resorted to unconventional methods to stabilize their currencies, such as frequent adjustments of interest rates or extensive foreign exchange interventions.

The apprehension among investors is rooted in the potential for these policies to adversely affect market dynamics. Unpredictable currency moves can translate to substantial losses, eroding yields on investments. Consequently, investors are reallocating capital towards regions where monetary policies are transparent and aligned with long-term economic fundamentals.

Analysts note that while some countries have been successful at maintaining currency stability, inconsistencies in policy implementation can deter investment. The flight of capital from these markets underscores the importance of clear and coherent policy frameworks that support economic growth while maintaining currency stability.

As foreign investors continue to monitor the global financial landscape with a critical eye, nations striving to attract or retain overseas investment may need to reassess their currency stabilization strategies. Adopting more predictable and investor-friendly policies could be key to restoring confidence and ensuring steady capital inflows in a climate of heightened uncertainty."
50,environment & climate change,Climate scientists warn glacier melting could disrupt regional water supplies,"Climate scientists have issued a stark warning that the accelerated melting of glaciers could severely disrupt water supplies for millions of people. Glaciers, often referred to as the world's natural water towers, store about 69% of the planet's freshwater. As global temperatures rise due to climate change, these vital ice reserves are melting at unprecedented rates, threatening the stability of regional water resources.

This issue is particularly alarming for regions that heavily depend on glacier-fed rivers, such as South Asia and the Andes. In these areas, glaciers act as a crucial buffer by providing a steady supply of water during dry seasons. However, with the current rate of glacial retreat, this natural regulation is under threat, leading to significant reductions in water availability during critical periods.

Research indicates that if current trends continue, many glaciers could vanish entirely within the coming decades, leading to potential water scarcity, impacting agriculture, hydropower generation, and everyday community water needs. This environmental change could exacerbate existing water conflicts and force local communities to adapt to new and often inadequate water management practices.

Scientists are urging immediate action. Without significant reductions in greenhouse gas emissions"
