emp_id,add1,add2,state,zip
E1000,55341 Amanda Gardens Apt. 764,Lake Mark,WI,7832
E1001,76724 John Points Suite 969,Coxberg,NY,65187
E1002,166 Rice Plaza Apt. 184,Danielchester,GA,59971
E1003,Unit 2814 Box 8932,DPO,AA,21675
E1004,0154 Brian Wells Apt. 171,East Donna,OH,22144
E1005,5787 John Circles Suite 098,New Jeffrey,CA,93279
E1006,347 Amber Stream,Sanchezfort,AS,53855
E1007,010 Chandler Union Apt. 333,Taylorburgh,KY,61138
E1008,Unit 0132 Box 6773,DPO,AA,8186
E1009,34309 Julie Centers Apt. 978,North Susan,CO,24857
E1010,909 Robert Prairie,Sarahborough,TN,94373
E1011,USS Ellis,FPO,AP,13605
E1012,8498 Elizabeth Plaza,Sarahville,FM,18102
E1013,740 Cynthia Village Suite 005,Lake Tina,GA,97655
E1014,9826 Bobby Lakes,West Jasonbury,TN,13974
E1015,0256 Joseph Turnpike,South Monicafort,IN,26659
E1016,03654 Tammy Harbors,Darlenefurt,TX,70783
E1017,5698 Paul Ports Apt. 406,New Saraside,TX,94798
E1018,514 Estrada Islands Suite 482,South Elizabeth,MS,89278
E1019,7738 Leon Underpass Apt. 148,Clarencebury,TX,41188
E1020,936 Ross Drive Apt. 163,Port Susan,NC,61390
E1021,889 Dodson Mills Suite 872,Colebury,MP,84080
E1022,8122 Patrick Drives Apt. 166,Amychester,AR,27611
E1023,USS Gates,FPO,AP,50358
E1024,3467 Paul Skyway,Ramseymouth,PW,17229
E1025,46537 Rogers Light,Karenchester,KS,11236
E1026,USS Webster,FPO,AE,26631
E1027,2991 Tami Coves Apt. 496,Davidborough,CA,78108
E1028,058 Stanley Cliff,Alexanderchester,GU,64752
E1029,877 Petersen Ramp Suite 531,Nicolebury,WV,61411
E1030,73545 Beard Squares Suite 808,North John,MT,64539
E1031,349 Kennedy Pines Suite 685,Jacquelineview,ME,33452
E1032,9894 Marissa Hill Apt. 524,Lake Amandaview,AZ,7647
E1033,7520 Everett Neck Apt. 167,New Crystalton,FL,20056
E1034,677 Dalton Meadow,Ashleyton,RI,97505
E1035,67974 Jesse Squares,Jacquelinemouth,CA,90597
E1036,242 Brian Turnpike,Brookeshire,PW,38329
E1037,5940 Jeremy Spring,Port Emilyview,OK,5774
E1038,75655 Mia Isle Suite 746,South Christopherview,MD,15695
E1039,Unit 8760 Box 3859,DPO,AA,82474
E1040,932 Pierce Plaza,Davisville,NH,15897
E1041,78263 Michelle Harbor Suite 584,West Jessicashire,OR,87000
E1042,5339 Hall Trail Suite 057,Hughesberg,NM,5353
E1043,PSC 0262,Box 1745,AP,91295
E1044,091 Crystal Heights Apt. 161,South Garrettport,MH,4295
E1045,86922 Christian Ways,Harveybury,NM,76936
E1046,4821 Landry Radial,Daniellechester,UT,33281
E1047,69594 Johnson Village,Hillshire,VI,90390
E1048,95339 Byrd Stravenue Apt. 104,Johnsonstad,VA,17725
E1049,588 Rivas Glens,Coffeyport,WA,44897
E1050,516 Joseph Crossing Suite 549,Carsonstad,CT,88953
E1051,174 Wilson Cape,West Wendyville,CT,31276
E1052,1796 Johnson Land,South Sean,IA,48038
E1053,39005 Vanessa Turnpike Apt. 183,Port Molly,MA,19841
E1054,05395 Grant Center,Lake Robert,DE,98236
E1055,390 Ellis Burgs Apt. 766,South Jennifermouth,CA,11090
E1056,8961 Melissa Run Apt. 673,Morganmouth,MO,55025
E1057,711 Christopher Court,Lisaside,AR,77370
E1058,049 Bell Ports Apt. 273,West Meganstad,DE,37013
E1059,Unit 9980 Box 9402,DPO,AA,92605
E1060,83667 Moore Inlet,Kimberlyshire,PA,11636
E1061,4381 Jordan Haven Suite 840,South Tracey,AR,1508
E1062,26838 Jones Wall Apt. 607,Port Lawrencechester,OK,53509
E1063,97516 John Radial Suite 816,Juliebury,MA,22538
E1064,2312 Gonzalez Rapids Apt. 127,Webstershire,NV,89778
E1065,71774 Vargas Knoll Apt. 477,North Miguelport,CA,84998
E1066,9359 Mason Circle,Garciamouth,VT,11554
E1067,6659 Kristina Rue Suite 151,Mitchellberg,MA,11183
E1068,Unit 6291 Box 4865,DPO,AE,88334
E1069,4235 Lee Dam,North Kenneth,WY,13757
E1070,296 Francis Village Apt. 706,Ericabury,NV,80532
E1071,9774 Shaw Manor,Port James,PA,18641
E1072,1247 Mariah Course,Port Shannon,MI,3996
E1073,3051 Moody Dam,West Samanthafort,UT,18692
E1074,PSC 0432  Box 8986,APO,AE,38263
E1075,17980 Jennifer Highway Suite 095,New Robert,TN,88085
E1076,7065 Burgess Knolls,West Johnville,WI,76772
E1077,722 Jennifer Mount Apt. 430,North Leslie,ME,68053
E1078,5054 Lauren Mews,Paulfurt,MA,24987
E1079,69284 Garcia Islands Suite 479,Jacksonmouth,MI,59107
E1080,Unit 4016 Box 5820,DPO,AE,80136
E1081,6909 Erika Land Suite 719,New Michael,MD,85640
E1082,144 Lewis Ridge Suite 731,Port Charles,HI,94003
E1083,2258 David Flats Apt. 370,Angelastad,NH,72806
E1084,669 David Island Apt. 778,Davidside,SC,77543
E1085,PSC 0182,Box 4225,AP,30053
E1086,498 Wayne Extension,East Donna,VA,79817
E1087,94396 Tyler Road,Dawnport,NJ,32597
E1088,76773 Lawson Island,Jessicastad,MO,17640
E1089,6963 Lisa Ports,Jamesburgh,NM,67967
E1090,04797 Herrera Vista Apt. 624,Kathrynstad,AZ,53006
E1091,16558 Fischer Flat,Porterton,AZ,18462
E1092,9526 Wheeler Parkways,Ericksonport,NJ,2681
E1093,749 Jennifer Prairie,Jacksonfurt,FL,89725
E1094,6263 Shaw Ridge Suite 028,New Mark,TN,63202
E1095,733 Grant Fork Suite 437,Timothyside,WY,95090
E1096,2404 Michael Mills Suite 733,Sarahview,DC,14817
E1097,301 Rivera Mountains,Lake Kellitown,OH,21202
E1098,93802 Khan Fall,Port Randyfort,HI,98674
E1099,Unit 4788 Box 7287,DPO,AA,25773
E1100,54932 Wilcox Passage,Christopherville,HI,18931
E1101,5499 Jose Lake Apt. 017,Erikhaven,MH,92717
E1102,USCGC Hernandez,FPO,AP,79896
E1103,785 Samantha Creek,Port Amyhaven,ID,75566
E1104,72867 Angelica Spring Suite 064,Lake Jefferyland,AZ,56035
E1105,26567 Bennett Springs Apt. 512,Ricebury,MP,956
E1106,633 Reed Harbor Apt. 106,East Jamieville,PA,4901
E1107,84395 Young Wells,Lake Adriana,MT,39888
E1108,687 Teresa Row,Floydmouth,UT,55069
E1109,0866 Paul Glens,West Deborah,NV,49138
E1110,39837 Molly Isle,Susantown,IL,25407
E1111,546 Ferguson Knolls,Josehaven,FM,65680
E1112,55609 Joyce Brook Suite 899,Phillipsborough,MA,30650
E1113,2522 White Plains Apt. 801,Port Adamberg,MP,83168
E1114,700 Smith Pines Suite 840,Drakeburgh,CT,13125
E1115,9334 Desiree Walks Apt. 166,Tranton,SC,1739
E1116,Unit 8033 Box 9740,DPO,AE,90210
E1117,USNS Goodwin,FPO,AP,52706
E1118,218 Brown Mews Apt. 159,Novakmouth,AK,83616
E1119,94311 Moore Station Apt. 655,North Adamport,NV,47676
E1120,8199 Shields Bridge,Robertland,VA,73840
E1121,12646 Washington Club Suite 437,South Daniel,ME,1388
E1122,5692 Flores Square Apt. 752,Novakport,WA,91590
E1123,5193 Erin Plaza Apt. 737,Marieland,GU,54128
E1124,796 Stephens Turnpike Suite 891,Port Johnstad,GA,85304
E1125,1014 William Path Apt. 756,Bartonshire,UT,66098
E1126,4573 Bailey Court,Bowenmouth,MD,9305
E1127,282 Castro Mountain,Port Richard,HI,24931
E1128,41918 Michael Flat,Wilsonfort,NC,84270
E1129,912 Wilson Inlet Apt. 252,Barnesberg,OK,50794
E1130,25790 Crane Oval Apt. 368,Ortizfort,MT,93580
E1131,0438 Jackson Mount,Dunnville,OK,15470
E1132,1340 Baker Wall,South Michelleville,WI,31557
E1133,09584 Mario Squares,Keithview,PR,67926
E1134,2232 Poole Trace,Burnsshire,SC,35722
E1135,7590 Jessica Mount Suite 186,South Mallory,NM,35698
E1136,0017 David Walks Apt. 770,Harrisberg,FM,85697
E1137,64361 Aaron Neck,East Brittneyhaven,TX,58836
E1138,55426 Darlene Springs,North Alyssa,AL,80496
E1139,12196 Richmond Island,East Joshua,CO,33028
E1140,89836 Lucas Tunnel Apt. 761,South Danielle,CA,69744
E1141,658 Kathryn Trail Apt. 091,West Jasonton,WY,52664
E1142,88924 Kyle Pass Apt. 285,Willisland,ME,92077
E1143,2102 Frank Key,Garyberg,WA,35728
E1144,7850 Villarreal Expressway,Ericville,MH,75724
E1145,07562 Sarah Walks,New Lindachester,IN,42680
E1146,38061 Cline Trail,Markside,NH,1545
E1147,5973 Edward Lodge,East Ambertown,MA,692
E1148,41038 Haynes Landing,Villegasland,OR,13028
E1149,2344 Howe Lock,Louisview,IN,10290
E1150,77561 Oconnell Fords,Parkerview,PR,16218
E1151,52135 Palmer Springs,Jorgeburgh,AK,53505
E1152,10032 Madison Landing,New Brendaland,AK,8951
E1153,29667 Patrick Meadow Apt. 532,Joshuaberg,AZ,80993
E1154,3838 Veronica Tunnel,Timothyfort,MI,74642
E1155,40785 Terri Courts,Lake John,ND,97108
E1156,2239 Drake Square Suite 905,New Stacy,MP,65018
E1157,325 Samantha Vista Suite 002,Port Daniel,NC,48327
E1158,675 Jasmine Points,Jeffreyshire,GU,23484
E1159,969 Ian Island,Lake Ariana,NM,18935
E1160,570 Clark Square,West Jonathanville,VA,668
E1161,6586 Maria Turnpike Apt. 271,West Andrewview,CT,10226
E1162,062 Moore Courts Suite 336,Donnaport,IA,13072
E1163,61497 Collin Ford Apt. 417,West Kristenfort,NM,87144
E1164,4349 Edward Square Apt. 158,Arellanoshire,IN,73062
E1165,60898 David Throughway Suite 223,East Brad,CO,90039
E1166,PSC 1168,Box 6854,AP,
E1167,91485 Baker Shoal,Armstrongfort,AZ,23071
E1168,5307 Prince Brooks,Lisaport,ME,37246
E1169,6913 Lewis View Suite 785,New Laceyland,ME,93505
E1170,33030 Williams Lake,West Micheal,NH,66708
E1171,727 Cooper Villages Suite 140,Williamsshire,WI,28592
E1172,2290 Johnny Valley,Jenniferview,NE,49846
E1173,589 Evans Coves,Brownview,SC,43117
E1174,652 Diana Hill,Rebeccafurt,MS,97065
E1175,584 Mary Wells Apt. 417,Lake Jonathan,AS,73774
E1176,5549 Ford Crest Suite 099,South Pamelahaven,DE,89721
E1177,52175 Lawrence Centers Apt. 743,New Kathy,NM,12040
E1178,58300 Jeremy Wells Suite 421,Gordonport,GA,9058
E1179,2575 Frederick Valleys Suite 033,East Jessica,OR,66644
E1180,010 Hannah Mall,Jamesside,KS,62681
E1181,184 Robert Cove Apt. 411,Gonzalezborough,WI,34972
E1182,87375 Aaron Skyway,North Maryfort,FL,12308
E1183,PSC 3744,Box 7012,AE,
E1184,22557 Johns Course,Lisaburgh,DE,53031
E1185,2120 Dale Ramp Suite 972,Maxwelltown,VI,90215
E1186,5089 Tiffany Skyway,Aprilville,NE,87233
E1187,900 William Mountains,Boothland,WV,64942
E1188,7971 West Crest,Mcgeetown,CT,53380
E1189,755 Lisa Vista,Riverafort,VT,86637
E1190,851 Penny Park Apt. 614,East David,PR,51998
E1191,7982 Smith Street,New Savannahshire,NJ,67129
E1192,69958 Barnes Rest,West Raymond,MA,39058
E1193,833 Claudia Highway Suite 228,Jenniferstad,OH,63464
E1194,0810 Thomas Skyway Apt. 342,Francesberg,MP,8631
E1195,863 Schwartz Causeway,Hughesmouth,OH,7552
E1196,59893 Kelly Fall Apt. 228,South Billyview,OH,35135
E1197,25909 Henry Ports,Charlesmouth,NC,29331
E1198,555 Robinson Terrace,Barajastown,DE,88180
E1199,64840 Robertson Pass Suite 704,West Willie,CT,22441
E1200,38612 Stephen Isle Apt. 110,Port Johnathan,CA,75862
E1201,5061 Darlene River Apt. 901,Sarahville,LA,90400
E1202,68424 Bernard Branch,North Bobby,OK,78705
E1203,68222 Christina Glen Apt. 129,Port Karenside,NH,84999
E1204,314 Rachel Island,Hayesport,UT,77069
E1205,5257 Griffin Trail Suite 781,Lake Catherine,MP,37281
E1206,099 Hammond Forest,New Jorgeside,NJ,86210
E1207,78816 Shaw Shore Apt. 928,South Erik,OK,74663
E1208,5303 Hughes Motorway,North Tinamouth,CT,92741
E1209,6591 Bennett Fork,Gomezstad,NM,63692
E1210,84322 Michael Stravenue,Lake Jerrymouth,VA,15356
E1211,02992 Crystal Canyon,North Gabriel,HI,68218
E1212,79772 Maria Rapid,Port Brandi,WI,24340
E1213,2103 Serrano Rest Apt. 279,Port Amandaville,CO,63709
E1214,0863 Clarke Light Suite 991,Andersonfort,WI,30976
E1215,818 Nicholas Ford,Robertville,FL,56347
E1216,8872 Hansen Orchard,Vanessashire,MI,92971
E1217,2138 Hartman Unions,East Paultown,AS,12440
E1218,51906 Mendez Pike Suite 902,Gonzalesborough,PR,86600
E1219,3021 Chan Knoll,Sullivanborough,NC,2515
E1220,93769 Jose Lodge Apt. 818,Matthewville,AS,67778
E1221,7790 Wilson Cliff,Schultzbury,TX,92405
E1222,5182 Edwards Forge,Ianborough,NM,97115
E1223,11790 Melanie Landing,Travisshire,VI,36510
E1224,085 Dalton Trail Apt. 718,Stewarttown,AL,88857
E1225,84347 Diaz Parks Suite 365,Melissaview,NV,24079
E1226,86632 Thomas Branch Apt. 672,Kristenport,KS,74181
E1227,5455 Cooper Loop,West Michelleborough,OK,75984
E1228,69472 Danielle Junction Suite 996,North Fernandobury,MD,42034
E1229,USCGC Gutierrez,FPO,AE,3528
E1230,78006 Dalton River,North Diana,FM,51598
E1231,200 Dalton Islands,Mcdonaldside,KY,72399
E1232,968 Stout Orchard Apt. 174,Robertberg,ME,1884
E1233,PSC 7406,Box 4930,AP,
E1234,3416 Zachary Union Suite 484,Lopezland,HI,18408
E1235,50208 Jacob Cove Suite 427,East Christophertown,NM,28968
E1236,USS Adams,FPO,AA,9857
E1237,Unit 3673 Box 0371,DPO,AP,87795
E1238,881 Olson Hills,West Paige,VI,87886
E1239,09792 Townsend Gateway,South Christopher,RI,44858
E1240,812 Hall Point,Lindamouth,VA,25793
E1241,92855 Hill Village Apt. 182,Phillipsview,ND,48619
E1242,593 Le Shoals,Leefort,WI,72782
E1243,03173 Anthony Row,Barretthaven,RI,92423
E1244,0586 Bauer Centers,Allisonland,MP,40334
E1245,633 Ashley Fall,Reeseshire,MI,88908
E1246,685 Amanda Rapid,Mahoneymouth,OH,43054
E1247,398 Nicholas Plaza Suite 577,Smithton,LA,78588
E1248,889 Clinton Mount Suite 224,Pamelabury,IN,34087
E1249,9194 Jessica Ports,Millerton,PW,44330
E1250,604 Luis Port,West Wayne,IN,20580
E1251,2251 Duncan Causeway Suite 416,Ayalaberg,WV,18178
E1252,14659 Daniel Loop,Diazborough,MD,45658
E1253,35211 John River,Port Marissa,LA,2301
E1254,83388 Dunn Road Apt. 069,West Georgeport,ID,91796
E1255,451 Kelly Run Suite 368,West Toddside,CO,24935
E1256,2055 Garrett Freeway Suite 046,New Stacybury,FL,45299
E1257,3926 Browning Isle,Danielsborough,SD,18664
E1258,2925 Angela Stravenue,East Lonnieberg,VA,4365
E1259,PSC 4231,Box 2209,AP,
E1260,1728 Joseph Landing,Port Paul,NJ,18525
E1261,12797 Delacruz Gateway,Sullivanton,PA,96882
E1262,177 Natalie Gardens,Terrellton,OH,51278
E1263,64908 Steven Rue Suite 181,Port Brenda,MH,91742
E1264,PSC 7145,Box 2111,AP,
E1265,8602 Cunningham Shoals,East Misty,HI,93830
E1266,USS Dean,FPO,AA,2101
E1267,6719 John Plaza Suite 983,East Eddiestad,AZ,19555
E1268,16224 Tammy Summit,Sarahland,WI,39730
E1269,458 Warren Square,New Brian,OK,96147
E1270,548 Ho Ridges Suite 877,New Jesse,LA,25870
E1271,Unit 6055 Box 8303,DPO,AP,37414
E1272,55699 Marilyn Fields,Marthafort,PW,62694
E1273,6084 Peters Brook Apt. 955,East Juantown,MA,49684
E1274,5046 Tyler Freeway,Shannonport,IL,69326
E1275,235 Oconnor Pine Suite 521,East Jenny,NH,51302
E1276,USS Cook,FPO,AE,14014
E1277,4857 Joseph Estate,Dannyside,NY,13919
E1278,321 Austin Junction Suite 020,Bergerton,CT,50780
E1279,545 Jennifer Skyway Apt. 792,Port Leahmouth,CT,60215
E1280,PSC 4562,Box 5577,AE,
E1281,1581 Patel Locks,Allenbury,OH,21344
E1282,321 Wilson Ranch Suite 581,Thompsonfurt,CA,78916
E1283,022 Schmidt Loaf,Gonzalezmouth,ME,75248
E1284,Unit 9098 Box 6240,DPO,AA,72444
E1285,566 Graham Forest Apt. 723,Bridgesstad,MP,55188
E1286,621 Dawn Mall Suite 969,South William,OH,59489
E1287,8950 Ashley Squares Suite 197,East Jessicahaven,PR,98881
E1288,894 Rebecca Place,South Shawnfort,OK,96683
E1289,940 Lane Ports Apt. 490,Toddberg,NY,10575
E1290,19292 Wood Extensions Suite 372,West Traceyberg,PA,20705
E1291,41027 Alvarez Mountains Apt. 667,Dustinchester,AL,38353
E1292,454 Lang Glens Suite 739,New Matthew,UT,24083
E1293,44300 Brian Ranch Apt. 911,Port Cassandrafurt,TN,85423
E1294,7174 Schwartz Shores Suite 421,Kimberlyfurt,MS,44102
E1295,627 Douglas Trafficway,Robinsonville,PW,58379
E1296,PSC 2006,Box 4256,AP,
E1297,306 Martinez Plain,Mathewport,MO,7735
E1298,328 Tammy Shore Apt. 461,Tommouth,WA,25334
E1299,1847 Levy Brook Apt. 505,South Davidhaven,NH,89378
E1300,9032 Gerald Causeway,Loriville,NH,80615
E1301,5651 Marc Underpass,Port Brandon,HI,44476
E1302,273 Dennis Turnpike Suite 207,North Adrianland,VT,85927
E1303,763 Cheryl Camp Apt. 791,Michaeltown,OH,31386
E1304,3403 Laura Spur,Jimenezburgh,TN,6152
E1305,082 Kristen Oval,North Pattymouth,OR,76491
E1306,3136 Nicholas Forges,South Brendaton,FM,57630
E1307,3543 Martinez Square,West Derekmouth,NH,55318
E1308,831 Vincent Overpass,New Thomas,NH,37092
E1309,PSC 2906,Box 0078,AE,
E1310,3180 Dodson Curve Suite 431,South Elizabethburgh,VT,60700
E1311,701 Barry Isle Apt. 464,Port Gail,RI,44501
E1312,5281 Devon Isle,New Daniel,NJ,97150
E1313,640 Nathan Mission Suite 881,Mckinneyside,MH,38808
E1314,16241 Fred Creek Apt. 723,West Robertside,DC,62616
E1315,9557 Ellis Port Apt. 424,South Nathan,LA,6703
E1316,223 Blake Island,South Jorge,HI,27391
E1317,06727 Moore Streets Suite 474,Port Annette,PW,58448
E1318,5150 Brandy Forges,Jamesland,ND,58888
E1319,9980 Sanders Stravenue Suite 565,West Michaelport,NV,74036
E1320,Unit 6629 Box 9123,DPO,AA,62709
E1321,2879 James Village Suite 487,Port Margaretshire,ME,65263
E1322,7146 Travis Spurs Apt. 014,Gambleland,PA,98223
E1323,904 Bonnie Drive Suite 725,North Joseph,MT,83895
E1324,321 Amy Well,Margaretport,KY,90343
E1325,5213 Wesley Village Apt. 898,South Stevenland,DE,17701
E1326,852 Johnson Via Apt. 322,West David,DC,10803
E1327,890 Wilson Glen,North Kevintown,WV,13149
E1328,552 William Cliff Apt. 908,Lake James,LA,23015
E1329,759 Scott Coves,Port Michael,MS,56087
E1330,015 Wilson Haven Suite 947,New Richard,PR,56594
E1331,Unit 7167 Box 8112,DPO,AA,53011
E1332,613 Hardy Harbors,Katelynfurt,MI,62868
E1333,3201 Maria Parks Apt. 269,Ericville,WV,10530
E1334,800 Beard Crest Suite 756,Stevenston,HI,73464
E1335,788 Alvarez Walk,New Brian,KS,65341
E1336,0090 Mary Keys Apt. 561,Reedstad,MT,46542
E1337,141 Jackson Plain,Benjaminchester,OK,67971
E1338,1357 Jackson Hills,Taraborough,NM,83789
E1339,Unit 6391 Box 9195,DPO,AA,9318
E1340,8536 King Passage Suite 820,New Victor,TN,97783
E1341,083 Ford Garden Apt. 466,Michelleland,SC,27181
E1342,03477 Henderson Camp,East Joseph,AK,34369
E1343,700 Lee Hills,South Pennyland,MO,95427
E1344,1391 Murphy Prairie Suite 363,North Gregory,KY,58103
E1345,342 Alvarez Land Suite 090,Lake Samanthabury,KS,72948
E1346,PSC 1837,Box 6064,AA,
E1347,5604 Madeline Overpass,Mclaughlinmouth,VT,55861
E1348,6985 Neal Track,Lake Darlenemouth,WY,84531
E1349,23829 Sparks Island,Mendozaberg,KS,23239
E1350,08931 Gonzalez Squares,North Richard,NE,79195
E1351,USS Smith,FPO,AP,57538
E1352,USNV Roberts,FPO,AA,50580
E1353,Unit 4362 Box 6204,DPO,AA,31366
E1354,636 Fitzgerald Glens Apt. 180,West Sarahfort,PW,46940
E1355,48964 Lambert Curve,New Harryburgh,NY,65098
E1356,74564 Austin Trace,Zacharychester,MH,22125
E1357,32032 Thomas Estates Suite 617,South Michaelside,NM,60500
E1358,939 Alicia Ports Apt. 613,Rhodesmouth,AK,37762
E1359,2017 Gibson Grove,West Taramouth,MD,96386
E1360,64236 Andrew Fords Apt. 664,North Kenneth,AS,57171
E1361,158 Tracy Loaf Suite 499,Davischester,AS,48766
E1362,3278 Kelly Mews Apt. 742,Lake Rebecca,MP,33092
E1363,9454 Kayla Brook,Lake Dorothyburgh,WY,24383
E1364,779 Peterson Well Apt. 321,Monicaville,NE,70542
E1365,9956 Miller Dale Apt. 310,Port Anthony,NJ,85517
E1366,47276 Darren Drives,Maynardfort,AK,59419
E1367,7998 Johnson Locks Suite 899,Hallton,NC,2993
E1368,6024 Taylor Mill Apt. 839,Sandramouth,DC,38956
E1369,USNV Flynn,FPO,AE,82007
E1370,4338 Yvette Knolls Suite 522,Port Brycechester,DE,81446
E1371,891 Sara Mill,Estesville,CT,80529
E1372,13524 Gill Parks,East Deborahmouth,GU,18559
E1373,214 Espinoza Mall Suite 328,Cobbberg,AS,56707
E1374,81155 Holden Expressway,Brownton,TN,84579
E1375,550 Mccullough Ridge Apt. 673,Terryfurt,WI,26360
E1376,18848 Sherman Estate Apt. 089,Johnport,VA,55911
E1377,4907 Bird Valley,West Kevin,TN,94198
E1378,8935 Garcia Station,Pooleland,CO,8652
E1379,886 Silva Roads Suite 776,East William,NM,93712
E1380,519 Rodriguez Land,Billyberg,DE,49189
E1381,3270 Amy Cliff Apt. 679,Arielmouth,WY,49955
E1382,7251 Hughes Locks Suite 807,Debbieburgh,VT,3752
E1383,813 Susan Pike,Port Thomas,MH,2947
E1384,89569 Travis Brooks Suite 626,Port Allisonfurt,KS,12431
E1385,209 White Station Apt. 461,Douglasmouth,KS,49720
E1386,40578 Jones Burgs Suite 304,East Kathrynberg,ME,74982
E1387,8238 Ali Point,Williamsmouth,MP,81861
E1388,3984 Evan Place Apt. 416,Port Donaldside,KY,57119
E1389,Unit 7435 Box 5379,DPO,AA,2581
E1390,8118 Patricia Via Suite 156,Paultown,DE,61147
E1391,531 Stokes Forges Apt. 750,Trevorborough,AL,26202
E1392,399 Cameron Crossroad,East Jordanshire,PR,30380
E1393,870 Davidson Run Apt. 566,Davidhaven,NH,65456
E1394,3519 Veronica Fork,Rosariobury,ID,22059
E1395,3173 Wall View Suite 831,Duranmouth,OR,16862
E1396,49611 Anita Hill Suite 619,Halltown,NH,50822
E1397,311 Brooke Cliff Apt. 928,Michaelfort,VA,81877
E1398,685 Silva Plains Apt. 274,Kellytown,NC,77366
E1399,5333 Matthew Shores,Nealmouth,PA,91257
E1400,3033 Hanson Garden,Navarromouth,AS,97504
E1401,7395 Theresa Flat,West Grant,FM,34841
E1402,41026 Matthew Fords,Stephenstad,AS,49305
E1403,PSC 3386,Box 5596,AP,
E1404,53042 Clark Common Suite 912,Potterhaven,MN,65851
E1405,774 Little Turnpike Apt. 333,Royfurt,IL,40608
E1406,121 Wallace Knoll Apt. 907,Ronaldmouth,NE,54103
E1407,8881 House Courts,North Michaelside,ID,44247
E1408,92840 Campbell Key Suite 690,Valdezberg,VI,52602
E1409,751 Singleton Meadow Suite 377,West Donberg,ME,97206
E1410,9090 Eric Isle Suite 636,New Paulfort,CT,43602
E1411,23164 Jesse Shoals Apt. 705,East Markchester,MO,21083
E1412,34672 Matthews Parkway,Hilltown,FL,58923
E1413,7901 Lucas Motorway Suite 469,South John,MH,81468
E1414,USNS Mcclure,FPO,AE,36385
E1415,PSC 6815,Box 1185,AA,
E1416,636 Alex Crescent Apt. 577,Jonesside,TN,32258
E1417,1862 Emily Branch,Ericstad,HI,28900
E1418,816 Wallace Rapid,North Kelseyborough,IA,49606
E1419,3131 Jennifer Cape,Huntmouth,MD,74170
E1420,06506 Stephen Circles Suite 950,East Robertfort,CT,93893
E1421,562 Thompson Trace,Tiffanyfort,CA,44423
E1422,903 Christina Crossing,Joelchester,WV,32423
E1423,524 Schneider Trace Apt. 864,East Melaniemouth,MA,32253
E1424,Unit 3968 Box 5270,DPO,AE,64941
E1425,81674 Jennifer Gardens,Thompsonbury,ME,37902
E1426,56627 Henderson Ridge Suite 270,Simmonsland,WV,39852
E1427,52732 Adam Wall Suite 766,Wallerstad,MS,64667
E1428,USNS Lee,FPO,AA,33958
E1429,066 John Bypass Suite 024,Blackburnberg,KS,32930
E1430,669 April Field,Martinchester,KS,91181
E1431,95243 Hale Avenue,Port Travis,CT,9655
E1432,25223 White Creek Suite 932,North Karen,AS,25651
E1433,214 Nicholas Harbor,West Anthonybury,NJ,64096
E1434,Unit 1380 Box 6984,DPO,AA,62528
E1435,3566 Theresa Well Suite 107,Hardyberg,AK,79394
E1436,630 Smith Lake Apt. 573,Rossland,MI,56588
E1437,289 David Underpass,West Marisaside,VI,61685
E1438,60256 Robinson Glens,Lynnville,TN,18294
E1439,99156 Valdez Tunnel Suite 334,West Christopherland,MA,97570
E1440,0983 Whitney Island,Laurenberg,NC,87499
E1441,USNS Porter,FPO,AA,19824
E1442,548 Joshua Vista,Welchborough,NM,38707
E1443,027 Evans Via,North Amy,MA,55870
E1444,861 Marcus Turnpike,Port Sarahport,NH,86305
E1445,33059 Erika Walks,South Stephanie,NE,89557
E1446,63013 Burns Spurs Apt. 617,Hillmouth,MN,2021
E1447,99974 Laura Falls,Washingtonchester,ME,75398
E1448,0688 Brown Villages,Port Karenville,HI,79026
E1449,401 William Lakes,South Tiffany,TN,512
E1450,PSC 4872,Box 9758,AA,
E1451,98395 Anderson Road,Jonesview,KS,50541
E1452,43598 Robert Drives,Victoriachester,MS,3897
E1453,51554 Misty Fork Suite 016,South Stephanie,WY,16688
E1454,85948 Lawson Causeway Apt. 562,Lindaside,OH,78438
E1455,226 Brown Stream,Jasminebury,TX,80284
E1456,USNS Torres,FPO,AE,40564
E1457,48706 Timothy Passage,South Alexanderborough,PW,98269
E1458,PSC 8909,Box 7283,AE,
E1459,Unit 5381 Box 4474,DPO,AA,28427
E1460,9705 Christina Isle,Michaeltown,MI,95191
E1461,826 Robin Avenue,Port Diane,IN,62196
E1462,77225 Smith Ways Apt. 134,East Ralphmouth,MH,4643
E1463,6862 Susan Turnpike,East Erichaven,AL,90211
E1464,Unit 0674 Box 4716,DPO,AE,81452
E1465,71892 Victoria Ramp Apt. 312,Johnsonborough,FL,56377
E1466,Unit 3567 Box 0860,DPO,AA,14926
E1467,534 Ramirez Rest,South Jackfort,MN,44316
E1468,989 Allen Harbor Apt. 961,East Crystalville,AZ,77382
E1469,USNV Turner,FPO,AA,26977
E1470,7161 Barnes Parkway Apt. 294,West Brandon,OK,8469
E1471,78686 Lawson Ford,North Ernest,IL,78110
E1472,3448 George Cape Apt. 402,Saraview,VI,7253
E1473,595 Miller Squares,Jenniferchester,MH,80649
E1474,89164 Lisa Forges Suite 439,Moorebury,VA,95696
E1475,23972 Smith Estates Apt. 693,East Charlesbury,NH,85058
E1476,166 Daniel Bridge,East Johnland,KY,19196
E1477,513 Timothy Port,Ochoaport,MA,63272
E1478,86203 Jeremy Lights Apt. 543,Mcdanielville,NM,22725
E1479,51092 Roy Isle Apt. 624,Michaelville,KY,65938
E1480,22526 Griffith Turnpike,Briggsville,OK,56528
E1481,523 Barnes Parks Suite 883,Millerchester,NC,76244
E1482,721 Rhonda Lake Apt. 472,Sanchezbury,AR,98411
E1483,650 Elizabeth Cliffs,Monroeburgh,AK,19753
E1484,27284 Jenkins Junction Suite 041,North Nicole,AZ,79691
E1485,843 Huynh Groves Apt. 862,South Christine,IN,51919
E1486,2056 Joseph Cove Apt. 595,East Julianside,CT,9062
E1487,034 Tiffany Port,New Valeriefort,AZ,6798
E1488,8356 Dickson Squares Apt. 568,New Lindseyberg,AK,77463
E1489,332 Victoria Parkway,Sethberg,MA,38622
E1490,39912 Davis Bridge Apt. 481,Davismouth,GA,39246
E1491,7219 Williams Walks Suite 669,South Michael,PR,82372
E1492,090 Holly Points Apt. 214,Moorefurt,PR,10066
E1493,21663 Murphy Island,Wendyfort,IL,92551
E1494,605 Irwin Forest,East Mirandachester,KY,33540
E1495,420 Patty Meadow,Tabithaport,GA,26532
E1496,659 Morrow Points,North Jennifer,OR,81308
E1497,75164 Vanessa Village Apt. 791,East Julieborough,MT,91785
E1498,5044 Holly Run,Gutierrezstad,MI,71603
E1499,PSC 7652,Box 8928,AA,
