hid,headline
1,Researchers develop biodegradable battery technology for next-generation electric vehicles
2,Social media platforms implement stricter moderation policies addressing misinformation spreading rapidly during global crises.
3,Stock markets rebound strongly after central bank announces revised inflation control and liquidity measures.
4,Venture capital firms increase investments in climate technology startups
5,Consumer spending shifts toward subscription-based digital retail services
6,Ecommerce retailers introduce automated logistics systems reducing delivery times during high-demand shopping periods nationwide.
7,Scientists unveil autonomous underwater robot for deep-sea environmental monitoring
8,Directors embrace virtual production techniques for large-scale action films
9,Researchers train medical AI model using synthetic patient simulation datasets
10,Rising teenager shocks former champion at international tennis tournament
11,Renewable energy investments surpass fossil fuel projects for first time
12,Engineers develop advanced storage systems for solar energy networks
13,Urban planners propose smart transportation corridor connecting major suburbs
14,Tourism authorities promote ecofriendly destinations encouraging responsible travel experiences supporting local cultural preservation efforts.
15,Urban developers propose integrated transportation hubs connecting residential districts with expanding commercial business centers.
16,Foreign investors reduce holdings amid uncertainty over currency stabilization policies
17,Athletes demand improved mental health support during international competitions
18,Researchers discover promising treatment pathway for rare neurological disorder
19,Investment banks predict increased volatility in emerging Asian financial markets
20,Wildlife populations recover after decade-long coastal conservation initiative
21,Cultural festival celebrates indigenous traditions through music and storytelling
22,Music festival organizers reveal surprise international headline performers
23,Private aerospace company successfully tests reusable atmospheric reentry vehicle
24,Advocacy organizations demand stronger protections supporting marginalized communities experiencing discrimination within employment sectors.
25,Severe storms disrupt transportation networks across coastal districts
26,Government unveils tax incentives for small manufacturing businesses and exporters
27,Government agencies conduct nationwide cyberattack preparedness simulation exercise
28,Researchers study urban pollution impact on migratory bird behavior
29,Top-seeded player advances after intense five-set semifinal battle
30,Fashion designers showcase sustainable fabrics during international runway event
31,Opposition leaders demand inquiry into alleged misuse of national surveillance systems
32,Cybersecurity experts identify sophisticated malware targeting hospital payment systems
33,Underdog football club secures historic victory against defending champions
34,Chefs experiment with plant-based seafood alternatives in fine dining
35,Global summit discusses strategic alliances amid rising tensions in eastern Europe
36,Stock markets rally after technology firms report stronger quarterly earnings
37,Meteorologists predict extended drought conditions affecting agricultural regions
38,Regional leaders negotiate emergency ceasefire agreement following escalating border tensions disrupting international trade routes.
39,Construction delays impact nationwide affordable housing expansion project
40,Major data breach exposes confidential records from international logistics provider
41,Celebrity couple launches charity campaign supporting youth education programs
42,Climate scientists warn rising ocean temperatures threaten biodiversity across vulnerable coastal ecosystems worldwide annually.
43,Agricultural scientists develop drought-resistant crop varieties for arid regions
44,Travel experts highlight cultural heritage sites attracting global visitors
45,AI startup introduces multilingual assistant for emergency healthcare consultations
46,Renewable energy companies expand solar infrastructure projects supporting sustainable electricity generation across remote communities.
47,Retail brands expand personalized shopping experiences using predictive analytics
48,Popular musicians release collaborative charity album supporting disaster recovery initiatives across affected coastal regions.
49,Prime minister announces rural governance modernization initiative ahead of state elections
50,Climate scientists warn glacier melting could disrupt regional water supplies
51,Military exercises test rapid disaster response coordination capabilities
52,Regional powers negotiate emergency ceasefire following cross-border drone incidents
53,Universities implement adaptive learning technologies enhancing student engagement through personalized academic progress monitoring systems.
54,Researchers analyze impact of short-form videos on youth attention spans
55,Technology startups secure substantial venture funding supporting innovative healthcare automation and analytics platform development.
56,Tech firms collaborate on quantum computing standards for secure communications
57,Doctors report increase in respiratory illnesses during prolonged heatwave conditions
58,Police investigate coordinated financial scam targeting elderly citizens
59,Defense officials unveil next-generation unmanned reconnaissance aircraft prototype
60,Tourism industry rebounds after relaxed international visa regulations
61,Universities expand hybrid learning programs for international students
62,Community programs focus on reducing homelessness among urban families
63,Judiciary launches initiative to reduce delays in civil case hearings
64,Luxury carmakers integrate biometric security features into new models
65,New AI regulations target transparency in automated hiring decisions
66,National cricket team secures dramatic championship victory after record-breaking partnership during final tournament match.
67,Independent film receives standing ovation at international cinema festival
68,Astronomers detect unusual radio signals from distant spiral galaxy
69,Researchers preserve endangered regional dialects using digital archives
70,Emergency response teams coordinate evacuations following severe flooding impacting thousands across vulnerable rural regions.
71,Fans celebrate reunion tour announcement from iconic rock band
72,Researchers unveil breakthrough quantum computing prototype accelerating complex scientific simulations and industrial optimization processes.
73,Authorities dismantle organized smuggling network operating across coastal regions
74,Online communities organize global campaign supporting independent journalists
75,Young fast bowler breaks national wicket-taking record during tournament
76,Football club announces strategic coaching changes following disappointing performances throughout competitive international league season.
77,Indie singer releases chart-topping album inspired by personal struggles
78,Researchers examine impact of virtual classrooms on student engagement
79,International observatory discovers potentially habitable exoplanet orbiting distant star beyond previously studied galactic regions.
80,Host nation unveils sustainable infrastructure plan for upcoming Olympic Games
81,Celebrity chefs introduce innovative regional fusion dishes attracting enthusiastic audiences across competitive culinary festivals.
82,Parliament approves nationwide reform package after heated debates surrounding economic transparency and public welfare initiatives.
83,Emergency teams respond to flooding after continuous overnight rainfall
84,Olympic committee introduces sustainability policies reducing environmental impact during future international sporting event preparations.
85,Independent filmmakers receive international recognition after documentary explores migration challenges affecting vulnerable rural communities.
86,E-commerce platforms introduce same-day delivery services in smaller towns
87,National bank launches fraud detection platform powered by real-time analytics
88,Manufacturing exports surge dramatically as domestic companies expand investments across emerging global consumer markets.
89,Social media influencers face scrutiny over undisclosed sponsored promotions
90,Startup founders secure record funding for sustainable logistics platform
91,Award-winning actor announces historical drama inspired by true events
92,Doctors develop innovative treatment protocols significantly improving recovery outcomes for patients experiencing chronic respiratory illnesses.
93,Automotive companies test hydrogen-powered commercial transport fleets
94,Researchers study nutritional benefits of fermented regional cuisine
95,Record-breaking swimmer qualifies for fourth consecutive Olympic appearance
96,Law enforcement agencies deploy advanced surveillance systems combating organized criminal activities across metropolitan districts.
97,Captain leads dramatic comeback victory in final over championship match
98,Local food markets revive traditional recipes among younger consumers
99,Rain interruption forces thrilling tie in regional cricket finals
100,Government agencies strengthen cybersecurity frameworks after coordinated ransomware attacks targeted critical financial infrastructure networks.
101,Border tensions escalate after disputed naval exercise near contested maritime corridor
102,Export demand boosts organic farming production across rural districts
103,Parliament passes landmark electoral transparency reform bill after heated midnight debate
104,Space agency prepares lunar habitat experiment for upcoming orbital mission
105,Minimalist fashion trends dominate urban retail collections this season
106,Community leaders demand stronger measures against rising urban crime
107,Power shortages prompt emergency reforms in regional energy distribution
108,Cultural organizations celebrate traditional heritage festivals preserving indigenous customs through educational community engagement programs.
109,Fashion designers showcase sustainable collections featuring recycled materials during internationally celebrated luxury industry exhibitions.
110,Farmers adopt precision irrigation systems to combat water shortages
111,Insurance companies revise premium structures after severe climate-related losses
112,"Artificial intelligence assistants transform workplace productivity through automated scheduling, analytics, and personalized decision recommendations."
113,Legal experts debate implications of new cross-border trade legislation
114,Digital banking adoption rises sharply among rural customers this year
115,Young tennis champion defeats experienced rival delivering exceptional serves during prestigious grand slam semifinal.
116,Entrepreneurs develop AI-powered tools for small business automation
117,Activists demand equal access to healthcare in remote communities
118,Major insurance providers introduce digital claims processing systems improving customer verification and settlement efficiency.
119,Weather delays disrupt opening matches at coastal tennis championship
120,Supreme court reviews controversial ruling affecting digital privacy rights
121,Streaming platform renews popular mystery series for final season
122,Fans celebrate dramatic penalty shootout win in derby encounter
123,Documentary explores hidden history behind forgotten cultural landmarks
124,Luxury brands embrace recycled materials in upcoming seasonal collections
125,Star striker returns after injury ahead of continental qualifiers
126,Hospitals adopt wearable monitoring devices for remote patient recovery tracking
127,Electric vehicle manufacturers expand charging infrastructure across highways
128,Bridge modernization initiative aims to improve freight transportation efficiency
129,Military commanders conduct multinational defense exercises improving coordination capabilities during humanitarian crisis response operations.
130,Award-winning actor confirms upcoming collaboration with renowned directors for ambitious historical drama production series.
131,Veterans groups advocate expanded healthcare support for former soldiers
132,Farmers adopt precision agriculture technologies improving crop yields while conserving essential water resources sustainably.
133,Human rights groups condemn restrictions on independent media organizations
134,Historic temple restoration project attracts international conservation experts
135,Airlines expand eco-tourism routes to remote mountain destinations
136,Major retail chains report unexpected growth despite declining consumer confidence
137,Supreme court delivers landmark ruling strengthening constitutional protections regarding digital privacy and civil liberties.
138,Central bank warns inflation pressures may slow economic recovery this quarter
139,Automobile manufacturers accelerate electric vehicle production addressing increasing consumer demand for sustainable transportation solutions.
140,Education ministry introduces digital literacy curriculum for primary schools
